;Установка;;;1 ревизия;;;;;;;;;;;;2 ревизия;;;;;;;;;;;;3 ревизия;;;;;;;;;;;;4 ревизия;;;;;;;;;;;;;;;;;;;;;;;;;;;;;;;;;;;;;;;;;;;;;;;;
№ гильзы;Дата ввода ;№ кристаллизатора;№ ручья;Дата установки;Дата вывода;Причина;стойкость, т;Зазор по шаблону;R1;r1;Левый;Правый;Замечания;№ кристаллизатора;№ ручья;Дата установки;Дата вывода;Причина;стойкость, т;Зазор по шаблону;R1;r1;Левый;Правый;Замечания;№ кристаллизатора;№ ручья;Дата установки;Дата вывода;Причина;стойкость, т;Зазор по шаблону;R1;r1;Левый;Правый;Замечания;№ кристаллизатора;№ ручья;Дата установки;Дата вывода;Причина;стойкость, т;Зазор по шаблону;R1;r1;Левый;Правый;Замечания;№ кристаллизатора;№ ручья;Дата установки;Дата вывода;Причина;стойкость, т;Зазор по шаблону;R1;r1;Левый;Правый;Замечания;№ кристаллизатора;№ ручья;Дата установки;Дата вывода;Причина;стойкость, т;Зазор по шаблону;R1;r1;Левый;Правый;Замечания;№ кристаллизатора;№ ручья;Дата установки;Дата вывода;Причина;стойкость, т;Зазор по шаблону;R1;r1;Левый;Правый;Замечания;;;
30013869;26.12.2019;7;5;30.12.2019;04.01.2020;смена сечения;3961;"0;5";"0;5";"0;5";"0;5";"0;5";ромб до 15;7;2;13.01.2020;18.01.2020;ревизия;8814;"0;5";"0;5";"0;5";"0;5";"0;5";ромб более 10;;;;;;;;;;;;;;;;;;;;;;;;;;;;;;;;;;;;;;;;;;;;;;;;;;;;;;;;;;;;;;;
30014134;16.03.2020;7;1;27.04.2020;29.04.2020;смена сечения;1420;"0;4";"0;4";"0;4";"0;4";"0;4";;7;1;02.05.2020;04.05.2020;смена сечения;3252;"0;4";"0;4";"0;4";"0;4";"0;4";;7;1;09.05.2020;11.05.2020;смена сечения;4790;"0;4";"0;4";"0;4";"0;4";"0;4";;7;7;12.05.2020;17.05.2020;смена сечения;8677;"0;4";"0;4";"0;4";"0;4";"0;4";;7;2;22.05.2020;25.05.2020;смена сечения;10370;"0;4";"0;4";"0;4";"0;4";"0;4";ромб 14 мм;;;;;;;;;;;;;;;;;;;;;;;;;;;
30013874;29.05.2020;7;2;31.05.2020;02.06.2020;смена сечения;1641;"0;4";"0;4";"0;4";"0;4";"0;4";;7;2;05.06.2020;11.06.2020;ревизия;6249;"0;4";"0;4";"0;4";"0;4";"0;4";;7;1;13.06.2020;14.06.2020;ревизия;7697;"0;4";"0;4";"0;4";"0;4";"0;4";;7;1;21.06.2020;24.06.2020;смена сечения;9870;"0;4";"0;4";"0;4";"0;4";"0;4";ромб 10;7;1;26.06.2020;29.06.2020;ревизия;12615;"0;4";"0;4";"0;4";"0;4";"0;4";;;;;;;;;;;;;;;;;;;;;;;;;;;;
30014817;30.06.2020;7;1;02.07.2020;06.07.2020;ревизия;3380;"0;4";"0;4";"0;4";"0;4";"0;4";;7;1;09.07.2020;14.07.2020;ревизия;7883;"0;4";"0;4";"0;4";"0;4";"0;4";;7;1;17.07.2020;20.07.2020;ревизия;10364;"0;4";"0;4";"0;4";"0;4";"0;4";;7;1;24.07.2020;28.07.2020;ревизия;10316;"0;4";"0;4";"0;4";"0;4";"0;4";;7;2;29.07.2020;31.07.2020;ромб 18;11734;"0;4";"0;4";"0;4";"0;4";"0;4";;;;;;;;;;;;;;;;;;;;;;;;;;;;
30014812;01.08.2020;7;1;04.08.2020;07.08.2020;ревизия;2770;"0;4";"0;4";"0;4";"0;4";"0;4";;7;2;09.08.2020;12.08.2020;ревизия;5697;"0;4";"0;4";"0;4";"0;4";"0;4";;7;3;13.08.2020;17.08.2020;ревизия;8557;"0;4";"0;4";"0;4";"0;4";"0;4";;7;4;19.08.2020;23.08.2020;ревизия;11559;"0;4";"0;4";"0;4";"0;4";"0;4";ромб 18;7;2;24.08.2020;26.08.2020;ревизия;13091;"0;4";"0;4";"0;4";"0;4";"0;4";;;;;;;;;;;;;;;;;;;;;;;;;;;;
30015009;;;;;;;;;;;;;;;;;;;;;;;;;;;;;;;;;;;;;;;;;;;;;;;;;;;;;;;;;;;;;;;;;;;;;;;;;;;;;;;;;;;;;;;;
30013357;26.12.2019;8;6;30.10.2019;02.01.2020;ревизия;2261;"0;5";"0;5";"0;5";"0;5";"0;5";ромб до 16;8;3;12.01.2020;18.01.2020;ревизия;8291;"0;5";"0;5";"0;5";"0;5";"0;5";ромб более 10;;;;;;;;;;;;;;;;;;;;;;;;;;;;;;;;;;;;;;;;;;;;;;;;;;;;;;;;;;;;;;;
30014142;30.04.2020;8;6;02.05.2020;04.05.2020;смена сечения;1829;"0;4";"0;4";"0;4";"0;4";"0;4";;8;6;09.05.2020;11.05.2020;смена сечения;3379;"0;4";"0;4";"0;4";"0;4";"0;4";;8;6;12.05.2020;17.05.2020;смена сечения;7300;"0;4";"0;4";"0;4";"0;4";"0;4";;8;1;19.05.2020;21.05.2020;смена сечения;9174;"0;4";"0;4";"0;4";"0;4";"0;4";;8;4;12.06.2020;14.06.2020;;11479;"0;4";"0;4";"0;4";"0;4";"0;4";;;;;;;;;;;;;;;;;;;;;;;;;;;;
83895;14.06.2020;8;2;16.06.2020;22.06.2020;ревизия;5082;"0;4";"0;4";"0;4";"0;4";"0;4";;8;2;26.06.2020;02.07.2020;ревизия;10111;"0;4";"0;4";"0;4";"0;4";"0;4";ромб 14;;;;;;;;;;;;;;;;;;;;;;;;;;;;;;;;;;;;;;;;;;;;;;;;;;;;;;;;;;;;;;;
30014811;03.07.2020;8;5;05.07.2020;08.07.2020;ревизия;3053;"0;4";"0;4";"0;4";"0;4";"0;4";;8;5;12.07.2020;15.07.2020;ревизия;5759;"0;4";"0;4";"0;4";"0;4";"0;4";;8;5;19.07.2020;23.07.2020;ревизия;8327;"0;4";"0;4";"0;4";"0;4";"0;4";;8;6;24.07.2020;27.07.2020;ревизия;9993;"0;4";"0;4";"0;4";"0;4";"0;4";ромб 12;;;;;;;;;;;;;;;;;;;;;;;;;;;;;;;;;;;;;;;
83898;27.07.2020;8;1;28.07.2020;30.07.2020;Задир НЛЗ;1602;"0;4";"0;4";"0;4";"0;4";"0;4";;;;;;;;;;;;;;;;;;;;;;;;;;;;;;;;;;;;;;;;;;;;;;;;;;;;;;;;;;;;;;;;;;;;;;;;;;;;
30014811;31.08.2020;8;2;04.08.2020;06.08.2020;ромб 18;11111;"0;4";"0;4";"0;4";"0;4";"0;4";;;;;;;;;;;;;;;;;;;;;;;;;;;;;;;;;;;;;;;;;;;;;;;;;;;;;;;;;;;;;;;;;;;;;;;;;;;;
30014806;06.08.2020;8;4;06.08.2020;10.08.2020;ревизия;3217;"0;4";"0;4";"0;4";"0;4";"0;4";;8;1;11.08.2020;14.08.2020;ревизия;5816;"0;4";"0;4";"0;4";"0;4";"0;4";;8;2;15.08.2020;17.08.2020;ромб 28;6584;"0;4";"0;4";"0;4";"0;4";"0;4";;;;;;;;;;;;;;;;;;;;;;;;;;;;;;;;;;;;;;;;;;;;;;;;;;;;
30014801;17.08.2020;8;;;;;;;;;;;;;;;;;;;;;;;;;;;;;;;;;;;;;;;;;;;;;;;;;;;;;;;;;;;;;;;;;;;;;;;;;;;;;;;;;;;;;;
30013867;26.12.2019;9;2;30.12.2019;04.01.2020;смена сечения;3982;"0;5";"0;5";"0;5";"0;5";"0;5";ромб более 10;9;4;12.01.2020;17.01.2020;ревизия;8726;"0;5";"0;5";"0;5";"0;5";"0;5";;9;2;19.05.2020;21.05.2020;смена сечения;10601;"0;4";"0;4";"0;4";"0;4";"0;4";;;;;;;;;;;;;;;;;;;;;;;;;;;;;;;;;;;;;;;;;;;;;;;;;;;;
30014810;28.06.2020;9;3;30.06.2020;06.07.2020;ревизия;4613;"0;4";"0;4";"0;4";"0;4";"0;4";;9;3;09.07.2020;14.07.2020;ревизия;9055;"0;4";"0;4";"0;4";"0;4";"0;4";;9;3;17.07.2020;20.07.2020;ревизия;11537;"0;4";"0;4";"0;4";"0;4";"0;4";;9;3;24.07.2020;28.07.2020;ревизия;13952;"0;4";"0;4";"0;4";"0;4";"0;4";;9;5;29.07.2020;01.08.2020;ревизия;17266;"0;4";"0;4";"0;4";"0;4";"0;4";ромб 15;;;;;;;;;;;;;;;;;;;;;;;;;;;
30013865;25.12.2019;10;1;26.12.2019;30.12.2019;ревизия;2509;"0;5";"0;5";"0;5";"0;5";"0;5";;10;1;06.01.2020;13.01.2020;ревизия;8089;"0;5";"0;5";"0;5";"0;5";"0;5";;10;1;.01.2020;20.01.2020;смена сечения;10686;"0;5";"0;5";"0;5";"0;5";"0;5";трещины на заготовке;;;;;;;;;;;;;;;;;;;;;;;;;;;;;;;;;;;;;;;;;;;;;;;;;;;
30013359;20.01.2020;10;2;27.04.2020;29.04.2020;смена сечения;1414;"0;4";"0;4";"0;4";"0;4";"0;4";;10;2;02.05.2020;04.05.2020;смена сечения;3112;"0;4";"0;4";"0;4";"0;4";"0;4";;10;2;09.05.2020;10.05.2020;ромб 17;4064;"0;4";"0;4";"0;4";"0;4";"0;4";;10;3;19.05.2020;21.05.2020;смена сечения;5963;"0;4";"0;4";"0;4";"0;4";"0;4";;10;2;27.05.2020;31.05.2020;ревизия;9319;"0;4";"0;4";"0;4";"0;4";"0;4";;10;6;11.06.2020;13.06.2020;залита подвеска;10416;"0;4";"0;4";"0;4";"0;4";"0;4";;10;5;22.06.2020;24.06.2020;смена сечения;11611;"0;4";"0;4";"0;4";"0;4";"0;4";ромб 14;;;
30014808;27.06.2020;10;4;30.06.2020;05.07.2020;ревизия;3578;"0;4";"0;4";"0;4";"0;4";"0;4";;10;4;09.07.2020;12.07.2020;ревизия;6438;"0;4";"0;4";"0;4";"0;4";"0;4";;10;4;15.07.2020;19.07.2020;ревизия;9859;"0;4";"0;4";"0;4";"0;4";"0;4";;10;4;23.07.2020;27.07.2020;ревизия;12093;"0;4";"0;4";"0;4";"0;4";"0;4";;10;3;28.07.2020;01.08.2020;ромб 15;16425;"0;4";"0;4";"0;4";"0;4";"0;4";;;;;;;;;;;;;;;;;;;;;;;;;;;;
30014819;01.08.2020;10;5;04.08.2020;05.08.2020;ревизия;2013;"0;4";"0;4";"0;4";"0;4";"0;4";;10;5;09.08.2020;12.08.2020;ревизия;4912;"0;4";"0;4";"0;4";"0;4";"0;4";;10;4;13.08.2020;17.08.2020;ревизия;7809;"0;4";"0;4";"0;4";"0;4";"0;4";;;;;;;;;;;;;;;;;;;;;;;;;;;;;;;;;;;;;;;;;;;;;;;;;;;;
30013358;27.12.2019;11;4;30.12.2019;04.01.2020;смена сечения;3854;"0;5";"0;5";"0;5";"0;5";"0;5";ромб 10;11;5;10.01.2020;17.01.2020;ревизия;9742;"0;5";"0;5";"0;5";"0;5";"0;5";ромб 17;;;;;;;;;;;;;;;;;;;;;;;;;;;;;;;;;;;;;;;;;;;;;;;;;;;;;;;;;;;;;;;
30014144;16.03.2020;11;3;27.04.2020;29.04.2020;смена сечения;1414;"0;4";"0;4";"0;4";"0;4";"0;4";;11;3;02.05.2020;04.05.2020;смена сечения;3291;"0;4";"0;4";"0;4";"0;4";"0;4";;11;3;09.05.2020;11.05.2020;смена сечения;4884;"0;4";"0;4";"0;4";"0;4";"0;4";;11;3;12.05.2020;17.06.2020;смена сечения;8792;"0;4";"0;4";"0;4";"0;4";"0;4";;11;4;22.05.2020;25.05.2020;смена сечения;10944;"0;4";"0;4";"0;4";"0;4";"0;4";ромб 14;;;;;;;;;;;;;;;;;;;;;;;;;;;
30014143;29.05.2020;11;6;30.05.2020;02.06.2020;смена сечения;2508;"0;4";"0;4";"0;4";"0;4";"0;4";;11;6;05.06.2020;11.06.2020;ревизия;7307;"0;4";"0;4";"0;4";"0;4";"0;4";;11;6;;14.06.2020;ревизия;8751;"0;4";"0;4";"0;4";"0;4";"0;4";;11;3;22.06.2020;24.06.2020;смена сечения;9971;"0;4";"0;4";"0;4";"0;4";"0;4";;11;5;27.06.2020;29.06.2020;ромб 17;12032;"0;4";"0;4";"0;4";"0;4";"0;4";;;;;;;;;;;;;;;;;;;;;;;;;;;;
30014804;30.06.2020;11;5;30.06.2020;05.07.2020;ревизия;3513;"0;4";"0;4";"0;4";"0;4";"0;4";;11;5;08.07.2020;12.07.2020;ревизия;7099;"0;4";"0;4";"0;4";"0;4";"0;4";;11;5;15.07.2020;19.07.2020;ревизия;10508;"0;4";"0;4";"0;4";"0;4";"0;4";ромб 14;11;5;23.07.2020;26.07.2020;ревизия;12576;"0;4";"0;4";"0;4";"0;4";"0;4";ромб 15;;;;;;;;;;;;;;;;;;;;;;;;;;;;;;;;;;;;;;;
30013868;25.12.2019;12;2;26.12.2019;30.12.2019;ревизия;2724;"0;5";"0;5";"0;5";"0;5";"0;5";;12;2;06.01.2020;13.01.2020;ревизия;7605;"0;5";"0;5";"0;5";"0;5";"0;5";;12;2;18.01.2020;20.01.2020;смена сечения;8972;"0;5";"0;5";"0;5";"0;5";"0;5";ромб более 10;;;;;;;;;;;;;;;;;;;;;;;;;;;;;;;;;;;;;;;;;;;;;;;;;;;
30014141;17.03.2020;12;4;27.04.2020;29.04.2020;смена сечения;1371;"0;4";"0;4";"0;4";"0;4";"0;4";;12;4;02.05.2020;04.05.2020;смена сечения;2345;"0;4";"0;4";"0;4";"0;4";"0;4";;11;4;09.05.2020;11.05.2020;смена сечения;4519;"0;4";"0;4";"0;4";"0;4";"0;4";;12;4;12.05.2020;17.05.2020;смена сечения;8408;"0;4";"0;4";"0;4";"0;4";"0;4";;12;5;22.05.2020;25.05.2020;ромб 20 (постоянно) ;10434;"0;4";"0;4";"0;4";"0;4";"0;4";Замена гильзы;;;;;;;;;;;;;;;;;;;;;;;;;;;
30013873;26.05.2020;12;5;27.05.2020;02.06.2020;смена сечения;5016;"0;4";"0;4";"0;4";"0;4";"0;4";;12;5;05.06.2020;10.06.2020;ревизия;8362;"0;4";"0;4";"0;4";"0;4";"0;4";;12;2;11.06.2020;14.06.2020;ревизия;10873;"0;4";"0;4";"0;4";"0;4";"0;4";;12;4;27.06.2020;30.06.2020;ревизия;13971;"0;4";"0;4";"0;4";"0;4";"0;4";;;;;;;;;;;;;;;;;;;;;;;;;;;;;;;;;;;;;;;;
30014821;01.07.2020;12;6;05.07.2020;08.07.2020;ревизия;3104;"0;4";"0;4";"0;4";"0;4";"0;4";;12;6;12.07.2020;15.07.2020;ревизия;6373;"0;4";"0;4";"0;4";"0;4";"0;4";;12;6;12.07.2020;15.07.2020;ревизия;6373;"0;4";"0;4";"0;4";"0;4";"0;4";;12;6;19.07.2020;23.07.2020;ревизия;8561;"0;4";"0;4";"0;4";"0;4";"0;4";;12;2;26.07.2020;29.07.2020;ревизия;11571;"0;4";"0;4";"0;4";"0;4";"0;4";ромб 15;;;;;;;;;;;;;;;;;;;;;;;;;;;
30014814;05.08.2020;12;3;05.08.2020;10.08.2020;ревизия;3981;"0;4";"0;4";"0;4";"0;4";"0;4";;12;5;12.08.2020;15.08.2020;ревизия;6617;"0;4";"0;4";"0;4";"0;4";"0;4";;12;4;17.08.2020;19.08.2020;прорыв, ромб 18, выпуклость заготовки;9006;"0;4";"0;4";"0;4";"0;4";"0;4";;;;;;;;;;;;;;;;;;;;;;;;;;;;;;;;;;;;;;;;;;;;;;;;;;;;
30014135;20.08.2020;12;6;21.08.2020;26.08.2020;ревизия;3984;"0;4";"0;4";"0;4";"0;4";"0;4";;;;;;;;;;;;;;;;;;;;;;;;;;;;;;;;;;;;;;;;;;;;;;;;;;;;;;;;;;;;;;;;;;;;;;;;;;;;
30013863;26.12.2019;13;3;26.12.2019;30.12.2019;ревизия;2732;"0;5";"0;5";"0;5";"0;5";"0;5";;13;3;06.01.2020;12.01.2020;ревизия;6824;"0;5";"0;5";"0;5";"0;5";"0;5";;13;3;18.01.2020;20.01.2020;смена сечения;8173;"0;5";"0;5";"0;5";"0;5";"0;5";ромб более 10;;;;;;;;;;;;;;;;;;;;;;;;;;;;;;;;;;;;;;;;;;;;;;;;;;;
30014136;30.04.2020;13;5;12.05.2020;17.05.2020;смена сечения;3918;"0;4";"0;4";"0;4";"0;4";"0;4";;13;4;19.05.2020;21.05.2020;смена сечения;5845;"0;4";"0;4";"0;4";"0;4";"0;4";;13;4;27.05.2020;31.05.2020;;9312;"0;4";"0;4";"0;4";"0;4";"0;4";;13;1;11.06.2020;13.06.2020;;10452;"0;4";"0;4";"0;4";"0;4";"0;4";ромб 13;;;;;;;;;;;;;;;;;;;;;;;;;;;;;;;;;;;;;;;
83894;13.06.2020;13;3;16.06.2020;22.06.2020;ревизия;5032;"0;4";"0;4";"0;4";"0;4";"0;4";;13;3;26.06.2020;30.06.2020;ревизия;8462;"0;4";"0;4";"0;4";"0;4";"0;4";;;;;;;;;;;;;;;;;;;;;;;;;;;;;;;;;;;;;;;;;;;;;;;;;;;;;;;;;;;;;;;;
30014815;30.06.2020;13;4;05.07.2020;09.07.2020;ревизия;3703;"0;4";"0;4";"0;4";"0;4";"0;4";;13;4;12.07.2020;15.07.2020;ревизия;5843;"0;4";"0;4";"0;4";"0;4";"0;4";;13;4;19.07.2020;23.07.2020;ревизия;8571;"0;4";"0;4";"0;4";"0;4";"0;4";;13;4;31.07.2020;04.08.2020;ревизия;11653;"0;4";"0;4";"0;4";"0;4";"0;4";;13;6;13.08.2020;15.08.2020;ромб 22;13679;"0;4";"0;4";"0;4";"0;4";"0;4";;;;;;;;;;;;;;;;;;;;;;;;;;;;
30014805;16.08.2020;13;;;;;;;;;;;;;;;;;;;;;;;;;;;;;;;;;;;;;;;;;;;;;;;;;;;;;;;;;;;;;;;;;;;;;;;;;;;;;;;;;;;;;;
30013356;27.12.2019;14;3;30.12.2019;04.01.2020;ревизия;3921;"0;5";"0;5";"0;5";"0;5";"0;5";ромб 10;14;6;10.01.2020;15.01.2020;ревизия;8228;"0;5";"0;5";"0;5";"0;5";"0;5";;;;;;;;;;;;;;;;;;;;;;;;;;;;;;;;;;;;;;;;;;;;;;;;;;;;;;;;;;;;;;;;
30014140;29.05.2020;14;4;31.05.2020;02.06.2020;смена сечения;1633;"0;4";"0;4";"0;4";"0;4";"0;4";;14;4;05.06.2020;11.06.2020;ревизия;6210;"0;4";"0;4";"0;4";"0;4";"0;4";;14;1;16.06.2020;21.06.2020;ревизия;10218;"0;4";"0;4";"0;4";"0;4";"0;4";ромб 12;14;2;22.06.2020;21.06.2020;смена сечения;11405;"0;4";"0;4";"0;4";"0;4";"0;4";ромб 14;;;;;;;;;;;;;;;;;;;;;;;;;;;;;;;;;;;;;;;
30014807;28.06.2020;14;2;02.07.2020;06.07.2020;ревизия;3372;"0;4";"0;4";"0;4";"0;4";"0;4";;14;2;09.07.2020;14.07.2020;ревизия;7861;"0;4";"0;4";"0;4";"0;4";"0;4";;14;2;17.07.2020;20.07.2020;ревизия;10347;"0;4";"0;4";"0;4";"0;4";"0;4";;14;2;24.07.2020;26.07.2020;ревизия;11817;"0;4";"0;4";"0;4";"0;4";"0;4";ромб 15;;;;;;;;;;;;;;;;;;;;;;;;;;;;;;;;;;;;;;;
30014824;26.07.2020;14;6;27.07.2020;31.07.2020;ревизия;3336;"0;4";"0;4";"0;4";"0;4";"0;4";;14;5;01.08.2020;04.08.2020;ревизия;6096;"0;4";"0;4";"0;4";"0;4";"0;4";;14;5;05.08.2020;09.08.2020;ревизия;8683;"0;4";"0;4";"0;4";"0;4";"0;4";;14;6;13.08.2020;13.08.2020;ревизия;11375;"0;4";"0;4";"0;4";"0;4";"0;4";;14;5;17.08.2020;18.08.2020;ромб 20;12745;"0;4";"0;4";"0;4";"0;4";"0;4";;;;;;;;;;;;;;;;;;;;;;;;;;;;
30014139;19.08.2020;14;3;20.08.2020;26.08.2020;ревизия;2301;"0;4";"0;4";"0;4";"0;4";"0;4";;;;;;;;;;;;;;;;;;;;;;;;;;;;;;;;;;;;;;;;;;;;;;;;;;;;;;;;;;;;;;;;;;;;;;;;;;;;
30013864;25.12.2019;15;4;26.12.2019;30.12.2019;ревизия;2702;"0;5";"0;5";"0;5";"0;5";"0;5";;15;4;06.01.2020;12.01.2020;ревизия;6880;"0;5";"0;5";"0;5";"0;5";"0;5";;15;4;.01.2020;20.01.2020;смена сечения;9234;"0;5";"0;5";"0;5";"0;5";"0;5";;;;;;;;;;;;;;;;;;;;;;;;;;;;;;;;;;;;;;;;;;;;;;;;;;;;
30013875;19.05.2020;15;1;22.05.2020;25.05.2020;смена сечения;2252;"0;4";"0;4";"0;4";"0;4";"0;4";;15;1;27.05.2020;02.06.2020;смена сечения;7318;"0;4";"0;4";"0;4";"0;4";"0;4";;15;3;08.06.2020;14.06.2020;ревизия;12040;"0;4";"0;4";"0;4";"0;4";"0;4";;;;;;;;;;;;;;;;;;;;;;;;;;;;;;;;;;;;;;;;;;;;;;;;;;;;
83897;15.06.2020;15;4;16.06.2020;22.06.2020;ревизия;4777;"0;4";"0;4";"0;4";"0;4";"0;4";;15;4;26.06.2020;27.06.2020;ромб 25;5376;"0;4";"0;4";"0;4";"0;4";"0;4";;;;;;;;;;;;;;;;;;;;;;;;;;;;;;;;;;;;;;;;;;;;;;;;;;;;;;;;;;;;;;;;
30014803;27.06.2020;15;5;29.06.2020;30.06.2020;прорыв;799;"0;4";"0;4";"0;4";"0;4";"0;4";;15;1;06.07.2020;09.07.2020;ревизия;4657;"0;4";"0;4";"0;4";"0;4";"0;4";;15;1;14.07.2020;17.07.2020;ревизия;6274;"0;4";"0;4";"0;4";"0;4";"0;4";;15;1;20.07.2020;24.07.2020;ревизия;8981;"0;4";"0;4";"0;4";"0;4";"0;4";;15;1;30.07.2020;31.07.2020;ромб 20;9785;"0;4";"0;4";"0;4";"0;4";"0;4";;;;;;;;;;;;;;;;;;;;;;;;;;;;
30013355;27.12.2019;16;1;30.12.2019;04.01.2020;смена сечения;3845;"0;5";"0;5";"0;5";"0;5";"0;5";ромб 10;16;1;13.01.2020;17.01.2020;ревизия;7336;"0;5";"0;5";"0;5";"0;5";"0;5";ромб 17;;;;;;;;;;;;;;;;;;;;;;;;;;;;;;;;;;;;;;;;;;;;;;;;;;;;;;;;;;;;;;;
30013363;18.03.2020;16;5;27.04.2020;29.04.2020;смена сечения;1426;"0;4";"0;4";"0;4";"0;4";"0;4";;16;5;02.05.2020;04.05.2020;смена сечения;3140;"0;5";"0;5";"0;5";"0;5";"0;5";;16;5;09.05.2020;11.05.2020;смена сечения;4422;"0;4";"0;4";"0;4";"0;4";"0;4";;;;;;;;;;;;;;;;;;;;;;;;;;;;;;;;;;;;;;;;;;;;;;;;;;;;
30013871;19.05.2020;16;3;22.05.2020;25.05.2020;смена сечения;2252;"0;4";"0;4";"0;4";"0;4";"0;4";;16;3;27.05.2020;02.06.2020;смена сечения;7361;"0;4";"0;4";"0;4";"0;4";"0;4";;16;4;11.06.2020;11.06.2020;перелив в гильзе;7365;"0;4";"0;4";"0;4";"0;4";"0;4";;16;6;21.06.2020;24.06.2020;смена сечения;9526;"0;4";"0;4";"0;4";"0;4";"0;4";ромб 12;16;6;26.06.2020;30.06.2020;ревизия;13270;"0;4";"0;4";"0;4";"0;4";"0;4";;;;;;;;;;;;;;;;;;;;;;;;;;;;
30014820;01.07.2020;16;2;06.07.2020;09.07.2020;ревизия;2385;"0;4";"0;4";"0;4";"0;4";"0;4";;16;2;14.07.2020;17.07.2020;ревизия;3990;"0;4";"0;4";"0;4";"0;4";"0;4";;16;2;20.07.2020;24.07.2020;ревизия;7846;"0;4";"0;4";"0;4";"0;4";"0;4";;16;2;31.07.2020;04.08.2020;ревизия;11266;"0;4";"0;4";"0;4";"0;4";"0;4";;16;1;07.08.2020;08.08.2020;нет масла по больш. Радиусу, ромб 17;12242;"0;4";"0;4";"0;4";"0;4";"0;4";;;;;;;;;;;;;;;;;;;;;;;;;;;;
30013866;25.12.2019;17;5;26.12.2019;30.12.2019;ревизия;2672;"0;5";"0;5";"0;5";"0;5";"0;5";;17;5;06.01.2020;10.01.2020;ревизия;5760;"0;5";"0;5";"0;5";"0;5";"0;5";;17;5;.01.2020;20.01.2020;смена сечения;8438;"0;5";"0;5";"0;5";"0;5";"0;5";ромб более 10;;;;;;;;;;;;;;;;;;;;;;;;;;;;;;;;;;;;;;;;;;;;;;;;;;;
30014138;29.04.2020;17;2;10.05.2020;11.05.2020;смена сечения;574;"0;4";"0;4";"0;4";"0;4";"0;4";;17;2;12.05.2020;17.05.2020;смена сечения;4487;"0;4";"0;4";"0;4";"0;4";"0;4";;17;6;19.05.2020;21.05.2020;смена сечения;6344;"0;4";"0;4";"0;4";"0;4";"0;4";;17;3;05.06.2020;08.06.2020;залита подвеска;8917;"0;4";"0;4";"0;4";"0;4";"0;4";;;;;;;;;;;;;;;;;;;;;;;;;;;;;;;;;;;;;;;;
83896;09.06.2020;17;5;10.06.2020;14.06.2020;ревизия;3538;"0;4";"0;4";"0;4";"0;4";"0;4";;17;5;16.06.2020;22.06.2020;ревизия;8597;"0;4";"0;4";"0;4";"0;4";"0;4";ревизия;17;5;26.06.2020;27.06.2020;ромб 25;9192;"0;4";"0;4";"0;4";"0;4";"0;4";;;;;;;;;;;;;;;;;;;;;;;;;;;;;;;;;;;;;;;;;;;;;;;;;;;;
30014802;27.06.2020;17;1;29.06.2020;02.07.2020;продольная угловая трещина;2135;"0;4";"0;4";"0;4";"0;4";"0;4";;;;;;;;;;;;;;;;;;;;;;;;;;;;;;;;;;;;;;;;;;;;;;;;;;;;;;;;;;;;;;;;;;;;;;;;;;;;
30014816;03.07.2020;17;3;06.07.2020;03.07.2020;ревизия;2550;"0;4";"0;4";"0;4";"0;4";"0;4";;17;3;14.07.2020;17.07.2020;ревизия;4139;"0;4";"0;4";"0;4";"0;4";"0;4";;17;3;20.07.2020;24.07.2020;ревизия;4158;"0;4";"0;4";"0;4";"0;4";"0;4";;17;1;31.07.2020;04.08.2020;ревизия;11409;"0;4";"0;4";"0;4";"0;4";"0;4";;17;6;07.08.2020;10.08.2020;ревизия;13750;"0;4";"0;4";"0;4";"0;4";"0;4";ромб 15;;;;;;;;;;;;;;;;;;;;;;;;;;;
530314 К;10.08.2020;17;1;18.08.2020;21.08.2020;ревизия;2492;"0;4";"0;4";"0;4";"0;4";"0;4";ромб 15;17;1;24.08.2020;26.08.2020;ревизия;3853;"0;4";"0;4";"0;4";"0;4";"0;4";;;;;;;;;;;;;;;;;;;;;;;;;;;;;;;;;;;;;;;;;;;;;;;;;;;;;;;;;;;;;;;;
30013870;25.12.2019;18;6;26.12.2019;30.12.2019;ревизия;2738;"0;5";"0;5";"0;5";"0;5";"0;5";;18;6;02.01.2020;04.01.2020;смена сечения;4000;"0;5";"0;5";"0;5";"0;5";"0;5";;18;6;06.01.2020;10.01.2020;ревизия;5834;"0;5";"0;5";"0;5";"0;5";"0;5";;18;6;15.01.2020;20.01.2020;смена сечения;11712;"0;5";"0;5";"0;5";"0;5";"0;5";ромб более 10;;;;;;;;;;;;;;;;;;;;;;;;;;;;;;;;;;;;;;;
30013362;18.03.2020;18;6;27.04.2020;29.04.2020;смена сечения;1338;"0;4";"0;4";"0;4";"0;4";"0;4";ромб 17;18;;;;;;;;;;;;;;;;;;;;;;;;;;;;;;;;;;;;;;;;;;;;;;;;;;;;;;;;;;;;;;;;;;;;;;;;;;
30013872;19.05.2020;18;6;22.05.2020;25.05.2020;смена сечения;2270;"0;4";"0;4";"0;4";"0;4";"0;4";;18;;;;;;;;;;;;;;;;;;;;;;;;;;;;;;;;;;;;;;;;;;;;;;;;;;;;;;;;;;;;;;;;;;;;;;;;;;
30013876;27.05.2020;18;6;27.05.2020;30.05.2020;прорыв;2256;"0;4";"0;4";"0;4";"0;4";"0;4";;18;1;05.06.2020;11.06.2020;;6711;"0;4";"0;4";"0;4";"0;4";"0;4";ромб 13;18;6;16.06.2020;21.06.2020;ревизия;10801;"0;4";"0;4";"0;4";"0;4";"0;4";ромб 12;12;4;22.06.2020;24.06.2020;смена сечения;12009;"0;4";"0;4";"0;4";"0;4";"0;4";ромб 14;;;;;;;;;;;;;;;;;;;;;;;;;;;;;;;;;;;;;;;
30014809;29.06.2020;18;6;30.06.2020;05.07.2020;ревизия;3525;"0;4";"0;4";"0;4";"0;4";"0;4";;18;6;08.07.2020;12.07.2020;ревизия;7145;"0;4";"0;4";"0;4";"0;4";"0;4";;18;6;15.07.2020;19.07.2020;ревизия;10654;"0;4";"0;4";"0;4";"0;4";"0;4";;18;6;23.07.2020;24.07.2020;ревизия;11234;"0;4";"0;4";"0;4";"0;4";"0;4";ромб 17;;;;;;;;;;;;;;;;;;;;;;;;;;;;;;;;;;;;;;;
30014825;26.07.2020;18;5;26.07.2020;29.07.2020;ревизия;2891;"0;4";"0;4";"0;4";"0;4";"0;4";;18;6;31.07.2020;04.08.2020;ревизия;6398;"0;4";"0;4";"0;4";"0;4";"0;4";;18;2;05.08.2020;09.08.2020;ревизия;9671;"0;4";"0;4";"0;4";"0;4";"0;4";ромб 24;18;5;15.08.2020;17.08.2020;ромб 24;10424;"0;4";"0;4";"0;4";"0;4";"0;4";;;;;;;;;;;;;;;;;;;;;;;;;;;;;;;;;;;;;;;;
30014818;17.08.2020;18;6;18.08.2020;21.08.2020;ревизия;2506;"0;4";"0;4";"0;4";"0;4";"0;4";;18;5;23.08.2020;26.08.2020;ревизия;4986;"0;4";"0;4";"0;4";"0;4";"0;4";;;;;;;;;;;;;;;;;;;;;;;;;;;;;;;;;;;;;;;;;;;;;;;;;;;;;;;;;;;;;;;;